Alfa,CotaError,MaxIteraciones,iteracion,Iguales Exactas,Parecidas,Eficiencia Training,Iguales Exactas Test,Parecidas Test,Eficiencia Test
0.0010,0.000100,500,500,22,22,"13,75%",3,3,"7,50%"
0.0010,0.001000,500,52,0,0,"0,00%",0,0,"0,00%"
0.0010,0.010000,500,2,69,69,"43,13%",21,21,"52,50%"
0.0010,0.100000,500,2,34,34,"21,25%",13,13,"32,50%"
0.0010,0.000100,1000,554,26,26,"16,25%",6,6,"15,00%"
0.0010,0.001000,1000,54,0,0,"0,00%",0,0,"0,00%"
0.0010,0.010000,1000,2,20,20,"12,50%",6,6,"15,00%"
0.0010,0.100000,1000,2,74,74,"46,25%",12,12,"30,00%"
0.0010,0.000100,1100,539,31,31,"19,38%",3,3,"7,50%"
0.0010,0.001000,1100,75,0,0,"0,00%",0,0,"0,00%"
0.0010,0.010000,1100,2,48,48,"30,00%",11,11,"27,50%"
0.0010,0.100000,1100,2,33,33,"20,63%",5,5,"12,50%"
0.0010,0.000100,1200,556,32,32,"20,00%",4,4,"10,00%"
0.0010,0.001000,1200,85,0,0,"0,00%",0,0,"0,00%"
0.0010,0.010000,1200,2,69,69,"43,13%",19,19,"47,50%"
0.0010,0.100000,1200,2,68,68,"42,50%",20,20,"50,00%"
0.0010,0.000100,1300,493,29,29,"18,13%",3,3,"7,50%"
0.0010,0.001000,1300,2,71,71,"44,38%",18,18,"45,00%"
0.0010,0.010000,1300,2,62,62,"38,75%",16,16,"40,00%"
0.0010,0.100000,1300,2,29,29,"18,13%",4,4,"10,00%"
0.0010,0.000100,1400,521,23,23,"14,38%",8,8,"20,00%"
0.0010,0.001000,1400,52,0,0,"0,00%",0,0,"0,00%"
0.0010,0.010000,1400,2,56,56,"35,00%",14,14,"35,00%"
0.0010,0.100000,1400,2,38,38,"23,75%",11,11,"27,50%"
0.0010,0.000100,1500,509,27,27,"16,88%",5,5,"12,50%"
0.0010,0.001000,1500,47,0,0,"0,00%",0,0,"0,00%"
0.0010,0.010000,1500,2,39,39,"24,38%",14,14,"35,00%"
0.0010,0.100000,1500,2,38,38,"23,75%",6,6,"15,00%"
0.0010,0.000100,1600,581,27,27,"16,88%",5,5,"12,50%"
0.0010,0.001000,1600,72,0,0,"0,00%",0,0,"0,00%"
0.0010,0.010000,1600,2,2,2,"1,25%",1,1,"2,50%"
0.0010,0.100000,1600,2,50,50,"31,25%",18,18,"45,00%"
0.0010,0.000100,1700,585,29,29,"18,13%",7,7,"17,50%"
0.0010,0.001000,1700,78,0,0,"0,00%",0,0,"0,00%"
0.0010,0.010000,1700,2,51,51,"31,88%",11,11,"27,50%"
0.0010,0.100000,1700,2,18,18,"11,25%",5,5,"12,50%"
0.0010,0.000100,1800,518,22,22,"13,75%",7,7,"17,50%"
0.0010,0.001000,1800,89,0,0,"0,00%",0,0,"0,00%"
0.0010,0.010000,1800,2,63,63,"39,38%",15,15,"37,50%"
0.0010,0.100000,1800,2,62,62,"38,75%",22,22,"55,00%"
0.0010,0.000100,1900,582,26,26,"16,25%",6,6,"15,00%"
0.0010,0.001000,1900,58,0,0,"0,00%",0,0,"0,00%"
0.0010,0.010000,1900,2,56,56,"35,00%",15,15,"37,50%"
0.0010,0.100000,1900,2,55,55,"34,38%",14,14,"35,00%"
0.0010,0.000100,2000,581,28,28,"17,50%",6,6,"15,00%"
0.0010,0.001000,2000,85,0,0,"0,00%",0,0,"0,00%"
0.0010,0.010000,2000,2,54,54,"33,75%",15,15,"37,50%"
0.0010,0.100000,2000,2,66,66,"41,25%",20,20,"50,00%"
0.0010,0.000100,2100,520,21,21,"13,13%",10,10,"25,00%"
0.0010,0.001000,2100,47,0,0,"0,00%",0,0,"0,00%"
0.0010,0.010000,2100,2,54,54,"33,75%",13,13,"32,50%"
0.0010,0.100000,2100,2,64,64,"40,00%",14,14,"35,00%"
0.0010,0.000100,2200,566,31,31,"19,38%",6,6,"15,00%"
0.0010,0.001000,2200,52,0,0,"0,00%",0,0,"0,00%"
0.0010,0.010000,2200,2,73,73,"45,63%",16,16,"40,00%"
0.0010,0.100000,2200,2,49,49,"30,63%",17,17,"42,50%"
0.0010,0.000100,2300,551,27,27,"16,88%",7,7,"17,50%"
0.0010,0.001000,2300,52,0,0,"0,00%",0,0,"0,00%"
0.0010,0.010000,2300,2,60,60,"37,50%",9,9,"22,50%"
0.0010,0.100000,2300,2,53,53,"33,13%",7,7,"17,50%"
0.0010,0.000100,2400,515,29,29,"18,13%",8,8,"20,00%"
0.0010,0.001000,2400,60,0,0,"0,00%",0,0,"0,00%"
0.0010,0.010000,2400,2,56,56,"35,00%",16,16,"40,00%"
0.0010,0.100000,2400,2,41,41,"25,63%",9,9,"22,50%"
0.0010,0.000100,2500,532,26,26,"16,25%",6,6,"15,00%"
0.0010,0.001000,2500,63,0,0,"0,00%",0,0,"0,00%"
0.0010,0.010000,2500,2,47,47,"29,38%",11,11,"27,50%"
0.0010,0.100000,2500,2,19,19,"11,88%",7,7,"17,50%"
0.0010,0.000100,2600,493,28,28,"17,50%",6,6,"15,00%"
0.0010,0.001000,2600,77,0,0,"0,00%",0,0,"0,00%"
0.0010,0.010000,2600,2,67,67,"41,88%",19,19,"47,50%"
0.0010,0.100000,2600,2,70,70,"43,75%",15,15,"37,50%"
0.0010,0.000100,2700,526,24,24,"15,00%",7,7,"17,50%"
0.0010,0.001000,2700,71,0,0,"0,00%",0,0,"0,00%"
0.0010,0.010000,2700,2,74,74,"46,25%",16,16,"40,00%"
0.0010,0.100000,2700,2,57,57,"35,63%",13,13,"32,50%"
0.0010,0.000100,2800,585,27,27,"16,88%",6,6,"15,00%"
0.0010,0.001000,2800,56,0,0,"0,00%",0,0,"0,00%"
0.0010,0.010000,2800,2,1,1,"0,63%",0,0,"0,00%"
0.0010,0.100000,2800,2,57,57,"35,63%",20,20,"50,00%"
0.0010,0.000100,2900,472,29,29,"18,13%",5,5,"12,50%"
0.0010,0.001000,2900,39,0,0,"0,00%",0,0,"0,00%"
0.0010,0.010000,2900,2,73,73,"45,63%",16,16,"40,00%"
0.0010,0.100000,2900,2,63,63,"39,38%",16,16,"40,00%"
0.0010,0.000100,3000,519,26,26,"16,25%",8,8,"20,00%"
0.0010,0.001000,3000,86,0,0,"0,00%",0,0,"0,00%"
0.0010,0.010000,3000,2,68,68,"42,50%",18,18,"45,00%"
0.0010,0.100000,3000,2,58,58,"36,25%",14,14,"35,00%"
0.0010,0.000100,3100,502,20,20,"12,50%",8,8,"20,00%"
0.0010,0.001000,3100,55,0,0,"0,00%",0,0,"0,00%"
0.0010,0.010000,3100,2,68,68,"42,50%",21,21,"52,50%"
0.0010,0.100000,3100,2,72,72,"45,00%",16,16,"40,00%"
0.0010,0.000100,3200,542,21,21,"13,13%",11,11,"27,50%"
0.0010,0.001000,3200,58,0,0,"0,00%",0,0,"0,00%"
0.0010,0.010000,3200,2,68,68,"42,50%",17,17,"42,50%"
0.0010,0.100000,3200,2,67,67,"41,88%",21,21,"52,50%"
0.0010,0.000100,3300,492,27,27,"16,88%",6,6,"15,00%"
0.0010,0.001000,3300,51,0,0,"0,00%",0,0,"0,00%"
0.0010,0.010000,3300,2,71,71,"44,38%",18,18,"45,00%"
0.0010,0.100000,3300,2,50,50,"31,25%",14,14,"35,00%"
0.0010,0.000100,3400,586,30,30,"18,75%",6,6,"15,00%"
0.0010,0.001000,3400,51,0,0,"0,00%",0,0,"0,00%"
0.0010,0.010000,3400,2,69,69,"43,13%",17,17,"42,50%"
0.0010,0.100000,3400,2,61,61,"38,13%",14,14,"35,00%"
0.0010,0.000100,3500,569,24,24,"15,00%",8,8,"20,00%"
0.0010,0.001000,3500,74,0,0,"0,00%",0,0,"0,00%"
0.0010,0.010000,3500,2,52,52,"32,50%",17,17,"42,50%"
0.0010,0.100000,3500,2,39,39,"24,38%",11,11,"27,50%"
0.0010,0.000100,3600,578,27,27,"16,88%",4,4,"10,00%"
0.0010,0.001000,3600,65,0,0,"0,00%",0,0,"0,00%"
0.0010,0.010000,3600,2,71,71,"44,38%",16,16,"40,00%"
0.0010,0.100000,3600,2,54,54,"33,75%",15,15,"37,50%"
0.0010,0.000100,3700,540,30,30,"18,75%",5,5,"12,50%"
0.0010,0.001000,3700,73,0,0,"0,00%",0,0,"0,00%"
0.0010,0.010000,3700,2,10,10,"6,25%",3,3,"7,50%"
0.0010,0.100000,3700,2,62,62,"38,75%",10,10,"25,00%"
0.0010,0.000100,3800,492,22,22,"13,75%",9,9,"22,50%"
0.0010,0.001000,3800,2,71,71,"44,38%",15,15,"37,50%"
0.0010,0.010000,3800,2,33,33,"20,63%",8,8,"20,00%"
0.0010,0.100000,3800,2,25,25,"15,63%",7,7,"17,50%"
0.0010,0.000100,3900,605,28,28,"17,50%",6,6,"15,00%"
0.0010,0.001000,3900,51,0,0,"0,00%",0,0,"0,00%"
0.0010,0.010000,3900,2,59,59,"36,88%",18,18,"45,00%"
0.0010,0.100000,3900,2,62,62,"38,75%",19,19,"47,50%"
0.0010,0.000100,4000,518,25,25,"15,63%",8,8,"20,00%"
0.0010,0.001000,4000,65,0,0,"0,00%",0,0,"0,00%"
0.0010,0.010000,4000,2,25,25,"15,63%",9,9,"22,50%"
0.0010,0.100000,4000,2,65,65,"40,63%",22,22,"55,00%"
0.0050,0.000100,500,325,83,83,"51,88%",22,22,"55,00%"
0.0050,0.001000,500,61,5,5,"3,13%",1,1,"2,50%"
0.0050,0.010000,500,2,69,69,"43,13%",17,17,"42,50%"
0.0050,0.100000,500,2,26,26,"16,25%",8,8,"20,00%"
0.0050,0.000100,1000,325,82,82,"51,25%",20,20,"50,00%"
0.0050,0.001000,1000,55,4,4,"2,50%",2,2,"5,00%"
0.0050,0.010000,1000,2,71,71,"44,38%",15,15,"37,50%"
0.0050,0.100000,1000,2,60,60,"37,50%",12,12,"30,00%"
0.0050,0.000100,1100,310,80,80,"50,00%",20,20,"50,00%"
0.0050,0.001000,1100,71,9,9,"5,63%",2,2,"5,00%"
0.0050,0.010000,1100,2,65,65,"40,63%",20,20,"50,00%"
0.0050,0.100000,1100,2,53,53,"33,13%",11,11,"27,50%"
0.0050,0.000100,1200,334,77,77,"48,13%",22,22,"55,00%"
0.0050,0.001000,1200,65,3,3,"1,88%",0,0,"0,00%"
0.0050,0.010000,1200,10,0,0,"0,00%",0,0,"0,00%"
0.0050,0.100000,1200,2,25,25,"15,63%",4,4,"10,00%"
0.0050,0.000100,1300,308,80,80,"50,00%",17,17,"42,50%"
0.0050,0.001000,1300,68,8,8,"5,00%",1,1,"2,50%"
0.0050,0.010000,1300,12,0,0,"0,00%",0,0,"0,00%"
0.0050,0.100000,1300,2,3,3,"1,88%",0,0,"0,00%"
0.0050,0.000100,1400,312,82,82,"51,25%",17,17,"42,50%"
0.0050,0.001000,1400,55,8,8,"5,00%",1,1,"2,50%"
0.0050,0.010000,1400,6,0,0,"0,00%",0,0,"0,00%"
0.0050,0.100000,1400,2,66,66,"41,25%",11,11,"27,50%"
0.0050,0.000100,1500,303,84,84,"52,50%",17,17,"42,50%"
0.0050,0.001000,1500,58,8,8,"5,00%",0,0,"0,00%"
0.0050,0.010000,1500,12,0,0,"0,00%",0,0,"0,00%"
0.0050,0.100000,1500,2,55,55,"34,38%",14,14,"35,00%"
0.0050,0.000100,1600,321,84,84,"52,50%",16,16,"40,00%"
0.0050,0.001000,1600,71,7,7,"4,38%",1,1,"2,50%"
0.0050,0.010000,1600,9,0,0,"0,00%",0,0,"0,00%"
0.0050,0.100000,1600,2,39,39,"24,38%",10,10,"25,00%"
0.0050,0.000100,1700,319,79,79,"49,38%",21,21,"52,50%"
0.0050,0.001000,1700,53,7,7,"4,38%",1,1,"2,50%"
0.0050,0.010000,1700,10,0,0,"0,00%",0,0,"0,00%"
0.0050,0.100000,1700,2,25,25,"15,63%",5,5,"12,50%"
0.0050,0.000100,1800,316,85,85,"53,13%",19,19,"47,50%"
0.0050,0.001000,1800,73,4,4,"2,50%",2,2,"5,00%"
0.0050,0.010000,1800,10,0,0,"0,00%",0,0,"0,00%"
0.0050,0.100000,1800,2,56,56,"35,00%",12,12,"30,00%"
0.0050,0.000100,1900,329,75,75,"46,88%",23,23,"57,50%"
0.0050,0.001000,1900,57,0,0,"0,00%",3,3,"7,50%"
0.0050,0.010000,1900,10,0,0,"0,00%",0,0,"0,00%"
0.0050,0.100000,1900,2,59,59,"36,88%",12,12,"30,00%"
0.0050,0.000100,2000,323,79,79,"49,38%",20,20,"50,00%"
0.0050,0.001000,2000,57,7,7,"4,38%",1,1,"2,50%"
0.0050,0.010000,2000,10,0,0,"0,00%",0,0,"0,00%"
0.0050,0.100000,2000,2,55,55,"34,38%",12,12,"30,00%"
0.0050,0.000100,2100,313,85,85,"53,13%",16,16,"40,00%"
0.0050,0.001000,2100,63,9,9,"5,63%",3,3,"7,50%"
0.0050,0.010000,2100,10,0,0,"0,00%",0,0,"0,00%"
0.0050,0.100000,2100,2,60,60,"37,50%",13,13,"32,50%"
0.0050,0.000100,2200,311,88,88,"55,00%",12,12,"30,00%"
0.0050,0.001000,2200,70,6,6,"3,75%",2,2,"5,00%"
0.0050,0.010000,2200,8,0,0,"0,00%",0,0,"0,00%"
0.0050,0.100000,2200,2,0,0,"0,00%",0,0,"0,00%"
0.0050,0.000100,2300,302,83,83,"51,88%",17,17,"42,50%"
0.0050,0.001000,2300,55,5,5,"3,13%",1,1,"2,50%"
0.0050,0.010000,2300,2,76,76,"47,50%",13,13,"32,50%"
0.0050,0.100000,2300,2,28,28,"17,50%",8,8,"20,00%"
0.0050,0.000100,2400,318,79,79,"49,38%",19,19,"47,50%"
0.0050,0.001000,2400,61,8,8,"5,00%",4,4,"10,00%"
0.0050,0.010000,2400,8,0,0,"0,00%",0,0,"0,00%"
0.0050,0.100000,2400,2,27,27,"16,88%",7,7,"17,50%"
0.0050,0.000100,2500,337,80,80,"50,00%",21,21,"52,50%"
0.0050,0.001000,2500,54,5,5,"3,13%",2,2,"5,00%"
0.0050,0.010000,2500,10,0,0,"0,00%",0,0,"0,00%"
0.0050,0.100000,2500,2,54,54,"33,75%",9,9,"22,50%"
0.0050,0.000100,2600,315,81,81,"50,63%",17,17,"42,50%"
0.0050,0.001000,2600,57,3,3,"1,88%",5,5,"12,50%"
0.0050,0.010000,2600,11,0,0,"0,00%",0,0,"0,00%"
0.0050,0.100000,2600,2,44,44,"27,50%",10,10,"25,00%"
0.0050,0.000100,2700,310,78,78,"48,75%",22,22,"55,00%"
0.0050,0.001000,2700,67,7,7,"4,38%",0,0,"0,00%"
0.0050,0.010000,2700,2,71,71,"44,38%",14,14,"35,00%"
0.0050,0.100000,2700,2,43,43,"26,88%",12,12,"30,00%"
0.0050,0.000100,2800,318,78,78,"48,75%",22,22,"55,00%"
0.0050,0.001000,2800,70,4,4,"2,50%",4,4,"10,00%"
0.0050,0.010000,2800,11,0,0,"0,00%",0,0,"0,00%"
0.0050,0.100000,2800,2,19,19,"11,88%",3,3,"7,50%"
0.0050,0.000100,2900,319,73,73,"45,63%",26,26,"65,00%"
0.0050,0.001000,2900,56,4,4,"2,50%",1,1,"2,50%"
0.0050,0.010000,2900,9,0,0,"0,00%",0,0,"0,00%"
0.0050,0.100000,2900,2,70,70,"43,75%",16,16,"40,00%"
0.0050,0.000100,3000,327,79,79,"49,38%",22,22,"55,00%"
0.0050,0.001000,3000,66,4,4,"2,50%",0,0,"0,00%"
0.0050,0.010000,3000,2,69,69,"43,13%",12,12,"30,00%"
0.0050,0.100000,3000,2,26,26,"16,25%",7,7,"17,50%"
0.0050,0.000100,3100,323,80,80,"50,00%",19,19,"47,50%"
0.0050,0.001000,3100,69,5,5,"3,13%",1,1,"2,50%"
0.0050,0.010000,3100,2,74,74,"46,25%",13,13,"32,50%"
0.0050,0.100000,3100,2,73,73,"45,63%",16,16,"40,00%"
0.0050,0.000100,3200,308,80,80,"50,00%",21,21,"52,50%"
0.0050,0.001000,3200,71,4,4,"2,50%",3,3,"7,50%"
0.0050,0.010000,3200,10,0,0,"0,00%",0,0,"0,00%"
0.0050,0.100000,3200,2,4,4,"2,50%",2,2,"5,00%"
0.0050,0.000100,3300,328,87,87,"54,38%",17,17,"42,50%"
0.0050,0.001000,3300,67,6,6,"3,75%",3,3,"7,50%"
0.0050,0.010000,3300,11,0,0,"0,00%",0,0,"0,00%"
0.0050,0.100000,3300,2,43,43,"26,88%",12,12,"30,00%"
0.0050,0.000100,3400,329,78,78,"48,75%",21,21,"52,50%"
0.0050,0.001000,3400,62,9,9,"5,63%",1,1,"2,50%"
0.0050,0.010000,3400,11,0,0,"0,00%",0,0,"0,00%"
0.0050,0.100000,3400,2,76,76,"47,50%",12,12,"30,00%"
0.0050,0.000100,3500,334,79,79,"49,38%",28,28,"70,00%"
0.0050,0.001000,3500,55,4,4,"2,50%",3,3,"7,50%"
0.0050,0.010000,3500,7,0,0,"0,00%",0,0,"0,00%"
0.0050,0.100000,3500,2,57,57,"35,63%",14,14,"35,00%"
0.0050,0.000100,3600,331,81,81,"50,63%",21,21,"52,50%"
0.0050,0.001000,3600,58,2,2,"1,25%",0,0,"0,00%"
0.0050,0.010000,3600,8,0,0,"0,00%",0,0,"0,00%"
0.0050,0.100000,3600,2,63,63,"39,38%",11,11,"27,50%"
0.0050,0.000100,3700,326,77,77,"48,13%",20,20,"50,00%"
0.0050,0.001000,3700,74,3,3,"1,88%",0,0,"0,00%"
0.0050,0.010000,3700,9,0,0,"0,00%",0,0,"0,00%"
0.0050,0.100000,3700,2,22,22,"13,75%",10,10,"25,00%"
0.0050,0.000100,3800,299,88,88,"55,00%",10,10,"25,00%"
0.0050,0.001000,3800,65,3,3,"1,88%",0,0,"0,00%"
0.0050,0.010000,3800,2,71,71,"44,38%",12,12,"30,00%"
0.0050,0.100000,3800,2,72,72,"45,00%",15,15,"37,50%"
0.0050,0.000100,3900,316,82,82,"51,25%",19,19,"47,50%"
0.0050,0.001000,3900,68,5,5,"3,13%",1,1,"2,50%"
0.0050,0.010000,3900,9,0,0,"0,00%",0,0,"0,00%"
0.0050,0.100000,3900,2,31,31,"19,38%",10,10,"25,00%"
0.0050,0.000100,4000,314,83,83,"51,88%",17,17,"42,50%"
0.0050,0.001000,4000,55,8,8,"5,00%",1,1,"2,50%"
0.0050,0.010000,4000,9,0,0,"0,00%",0,0,"0,00%"
0.0050,0.100000,4000,2,9,9,"5,63%",7,7,"17,50%"
0.0030,0.000100,500,388,71,71,"44,38%",12,12,"30,00%"
0.0030,0.001000,500,63,0,0,"0,00%",0,0,"0,00%"
0.0030,0.010000,500,2,70,70,"43,75%",16,16,"40,00%"
0.0030,0.100000,500,2,46,46,"28,75%",14,14,"35,00%"
0.0030,0.000100,1000,387,64,64,"40,00%",19,19,"47,50%"
0.0030,0.001000,1000,44,0,0,"0,00%",0,0,"0,00%"
0.0030,0.010000,1000,2,68,68,"42,50%",19,19,"47,50%"
0.0030,0.100000,1000,2,60,60,"37,50%",14,14,"35,00%"
0.0030,0.000100,1100,363,62,62,"38,75%",16,16,"40,00%"
0.0030,0.001000,1100,59,0,0,"0,00%",0,0,"0,00%"
0.0030,0.010000,1100,2,61,61,"38,13%",15,15,"37,50%"
0.0030,0.100000,1100,2,61,61,"38,13%",16,16,"40,00%"
0.0030,0.000100,1200,388,64,64,"40,00%",18,18,"45,00%"
0.0030,0.001000,1200,40,0,0,"0,00%",0,0,"0,00%"
0.0030,0.010000,1200,7,0,0,"0,00%",0,0,"0,00%"
0.0030,0.100000,1200,2,35,35,"21,88%",9,9,"22,50%"
0.0030,0.000100,1300,360,65,65,"40,63%",16,16,"40,00%"
0.0030,0.001000,1300,51,1,1,"0,63%",0,0,"0,00%"
0.0030,0.010000,1300,8,0,0,"0,00%",0,0,"0,00%"
0.0030,0.100000,1300,2,67,67,"41,88%",14,14,"35,00%"
0.0030,0.000100,1400,358,69,69,"43,13%",15,15,"37,50%"
0.0030,0.001000,1400,61,0,0,"0,00%",0,0,"0,00%"
0.0030,0.010000,1400,12,0,0,"0,00%",0,0,"0,00%"
0.0030,0.100000,1400,2,69,69,"43,13%",13,13,"32,50%"
0.0030,0.000100,1500,391,68,68,"42,50%",16,16,"40,00%"
0.0030,0.001000,1500,54,0,0,"0,00%",0,0,"0,00%"
0.0030,0.010000,1500,9,0,0,"0,00%",1,1,"2,50%"
0.0030,0.100000,1500,2,59,59,"36,88%",8,8,"20,00%"
0.0030,0.000100,1600,396,67,67,"41,88%",14,14,"35,00%"
0.0030,0.001000,1600,52,0,0,"0,00%",0,0,"0,00%"
0.0030,0.010000,1600,14,0,0,"0,00%",0,0,"0,00%"
0.0030,0.100000,1600,2,44,44,"27,50%",14,14,"35,00%"
0.0030,0.000100,1700,386,67,67,"41,88%",14,14,"35,00%"
0.0030,0.001000,1700,67,0,0,"0,00%",0,0,"0,00%"
0.0030,0.010000,1700,2,62,62,"38,75%",11,11,"27,50%"
0.0030,0.100000,1700,2,71,71,"44,38%",20,20,"50,00%"
0.0030,0.000100,1800,399,61,61,"38,13%",16,16,"40,00%"
0.0030,0.001000,1800,54,0,0,"0,00%",0,0,"0,00%"
0.0030,0.010000,1800,2,70,70,"43,75%",11,11,"27,50%"
0.0030,0.100000,1800,2,65,65,"40,63%",19,19,"47,50%"
0.0030,0.000100,1900,380,70,70,"43,75%",16,16,"40,00%"
0.0030,0.001000,1900,50,0,0,"0,00%",0,0,"0,00%"
0.0030,0.010000,1900,11,0,0,"0,00%",0,0,"0,00%"
0.0030,0.100000,1900,2,63,63,"39,38%",14,14,"35,00%"
0.0030,0.000100,2000,416,63,63,"39,38%",17,17,"42,50%"
0.0030,0.001000,2000,62,0,0,"0,00%",0,0,"0,00%"
0.0030,0.010000,2000,2,64,64,"40,00%",19,19,"47,50%"
0.0030,0.100000,2000,2,63,63,"39,38%",14,14,"35,00%"
0.0030,0.000100,2100,373,63,63,"39,38%",13,13,"32,50%"
0.0030,0.001000,2100,69,0,0,"0,00%",0,0,"0,00%"
0.0030,0.010000,2100,12,0,0,"0,00%",0,0,"0,00%"
0.0030,0.100000,2100,2,50,50,"31,25%",13,13,"32,50%"
0.0030,0.000100,2200,377,66,66,"41,25%",18,18,"45,00%"
0.0030,0.001000,2200,68,0,0,"0,00%",0,0,"0,00%"
0.0030,0.010000,2200,7,0,0,"0,00%",0,0,"0,00%"
0.0030,0.100000,2200,2,58,58,"36,25%",12,12,"30,00%"
0.0030,0.000100,2300,386,71,71,"44,38%",9,9,"22,50%"
0.0030,0.001000,2300,60,0,0,"0,00%",0,0,"0,00%"
0.0030,0.010000,2300,11,0,0,"0,00%",0,0,"0,00%"
0.0030,0.100000,2300,2,70,70,"43,75%",19,19,"47,50%"
0.0030,0.000100,2400,362,68,68,"42,50%",15,15,"37,50%"
0.0030,0.001000,2400,57,1,1,"0,63%",0,0,"0,00%"
0.0030,0.010000,2400,2,59,59,"36,88%",21,21,"52,50%"
0.0030,0.100000,2400,2,18,18,"11,25%",7,7,"17,50%"
0.0030,0.000100,2500,394,64,64,"40,00%",23,23,"57,50%"
0.0030,0.001000,2500,56,0,0,"0,00%",0,0,"0,00%"
0.0030,0.010000,2500,7,0,0,"0,00%",0,0,"0,00%"
0.0030,0.100000,2500,2,50,50,"31,25%",15,15,"37,50%"
0.0030,0.000100,2600,390,70,70,"43,75%",17,17,"42,50%"
0.0030,0.001000,2600,38,0,0,"0,00%",0,0,"0,00%"
0.0030,0.010000,2600,11,0,0,"0,00%",0,0,"0,00%"
0.0030,0.100000,2600,2,24,24,"15,00%",8,8,"20,00%"
0.0030,0.000100,2700,373,66,66,"41,25%",17,17,"42,50%"
0.0030,0.001000,2700,63,0,0,"0,00%",0,0,"0,00%"
0.0030,0.010000,2700,2,68,68,"42,50%",16,16,"40,00%"
0.0030,0.100000,2700,2,26,26,"16,25%",4,4,"10,00%"
0.0030,0.000100,2800,365,62,62,"38,75%",18,18,"45,00%"
0.0030,0.001000,2800,72,0,0,"0,00%",0,0,"0,00%"
0.0030,0.010000,2800,2,64,64,"40,00%",17,17,"42,50%"
0.0030,0.100000,2800,2,72,72,"45,00%",16,16,"40,00%"
0.0030,0.000100,2900,387,62,62,"38,75%",18,18,"45,00%"
0.0030,0.001000,2900,62,0,0,"0,00%",0,0,"0,00%"
0.0030,0.010000,2900,7,0,0,"0,00%",0,0,"0,00%"
0.0030,0.100000,2900,2,47,47,"29,38%",13,13,"32,50%"
0.0030,0.000100,3000,369,65,65,"40,63%",16,16,"40,00%"
0.0030,0.001000,3000,70,0,0,"0,00%",0,0,"0,00%"
0.0030,0.010000,3000,2,66,66,"41,25%",12,12,"30,00%"
0.0030,0.100000,3000,2,66,66,"41,25%",21,21,"52,50%"
0.0030,0.000100,3100,398,65,65,"40,63%",20,20,"50,00%"
0.0030,0.001000,3100,56,0,0,"0,00%",0,0,"0,00%"
0.0030,0.010000,3100,10,0,0,"0,00%",0,0,"0,00%"
0.0030,0.100000,3100,2,58,58,"36,25%",13,13,"32,50%"
0.0030,0.000100,3200,368,76,76,"47,50%",11,11,"27,50%"
0.0030,0.001000,3200,65,0,0,"0,00%",0,0,"0,00%"
0.0030,0.010000,3200,2,63,63,"39,38%",16,16,"40,00%"
0.0030,0.100000,3200,2,65,65,"40,63%",16,16,"40,00%"
0.0030,0.000100,3300,387,70,70,"43,75%",17,17,"42,50%"
0.0030,0.001000,3300,54,0,0,"0,00%",0,0,"0,00%"
0.0030,0.010000,3300,2,66,66,"41,25%",23,23,"57,50%"
0.0030,0.100000,3300,2,56,56,"35,00%",17,17,"42,50%"
0.0030,0.000100,3400,377,64,64,"40,00%",15,15,"37,50%"
0.0030,0.001000,3400,53,0,0,"0,00%",0,0,"0,00%"
0.0030,0.010000,3400,2,68,68,"42,50%",12,12,"30,00%"
0.0030,0.100000,3400,2,73,73,"45,63%",17,17,"42,50%"
0.0030,0.000100,3500,365,69,69,"43,13%",14,14,"35,00%"
0.0030,0.001000,3500,61,0,0,"0,00%",0,0,"0,00%"
0.0030,0.010000,3500,2,65,65,"40,63%",17,17,"42,50%"
0.0030,0.100000,3500,2,33,33,"20,63%",13,13,"32,50%"
0.0030,0.000100,3600,394,62,62,"38,75%",18,18,"45,00%"
0.0030,0.001000,3600,42,1,1,"0,63%",0,0,"0,00%"
0.0030,0.010000,3600,2,75,75,"46,88%",14,14,"35,00%"
0.0030,0.100000,3600,2,61,61,"38,13%",16,16,"40,00%"
0.0030,0.000100,3700,373,69,69,"43,13%",13,13,"32,50%"
0.0030,0.001000,3700,56,0,0,"0,00%",0,0,"0,00%"
0.0030,0.010000,3700,13,0,0,"0,00%",0,0,"0,00%"
0.0030,0.100000,3700,2,0,0,"0,00%",0,0,"0,00%"
0.0030,0.000100,3800,359,65,65,"40,63%",16,16,"40,00%"
0.0030,0.001000,3800,36,0,0,"0,00%",0,0,"0,00%"
0.0030,0.010000,3800,12,0,0,"0,00%",0,0,"0,00%"
0.0030,0.100000,3800,2,63,63,"39,38%",12,12,"30,00%"
0.0030,0.000100,3900,398,63,63,"39,38%",12,12,"30,00%"
0.0030,0.001000,3900,56,0,0,"0,00%",0,0,"0,00%"
0.0030,0.010000,3900,13,0,0,"0,00%",0,0,"0,00%"
0.0030,0.100000,3900,2,21,21,"13,13%",6,6,"15,00%"
0.0030,0.000100,4000,379,65,65,"40,63%",14,14,"35,00%"
0.0030,0.001000,4000,77,0,0,"0,00%",0,0,"0,00%"
0.0030,0.010000,4000,11,0,0,"0,00%",0,0,"0,00%"
0.0030,0.100000,4000,2,60,60,"37,50%",13,13,"32,50%"
0.0500,0.000100,500,161,116,116,"72,50%",33,33,"82,50%"
0.0500,0.001000,500,34,87,87,"54,38%",16,16,"40,00%"
0.0500,0.010000,500,8,16,16,"10,00%",1,1,"2,50%"
0.0500,0.100000,500,3,1,1,"0,63%",0,0,"0,00%"
0.0500,0.000100,1000,151,116,116,"72,50%",32,32,"80,00%"
0.0500,0.001000,1000,33,78,78,"48,75%",21,21,"52,50%"
0.0500,0.010000,1000,7,14,14,"8,75%",2,2,"5,00%"
0.0500,0.100000,1000,3,0,0,"0,00%",0,0,"0,00%"
0.0500,0.000100,1100,149,119,119,"74,38%",25,25,"62,50%"
0.0500,0.001000,1100,33,87,87,"54,38%",19,19,"47,50%"
0.0500,0.010000,1100,8,9,9,"5,63%",0,0,"0,00%"
0.0500,0.100000,1100,3,0,0,"0,00%",0,0,"0,00%"
0.0500,0.000100,1200,144,120,120,"75,00%",26,26,"65,00%"
0.0500,0.001000,1200,33,81,81,"50,63%",22,22,"55,00%"
0.0500,0.010000,1200,8,11,11,"6,88%",3,3,"7,50%"
0.0500,0.100000,1200,3,0,0,"0,00%",0,0,"0,00%"
0.0500,0.000100,1300,148,117,117,"73,13%",30,30,"75,00%"
0.0500,0.001000,1300,34,85,85,"53,13%",19,19,"47,50%"
0.0500,0.010000,1300,7,7,7,"4,38%",1,1,"2,50%"
0.0500,0.100000,1300,3,0,0,"0,00%",0,0,"0,00%"
0.0500,0.000100,1400,144,118,118,"73,75%",25,25,"62,50%"
0.0500,0.001000,1400,34,76,76,"47,50%",21,21,"52,50%"
0.0500,0.010000,1400,7,15,15,"9,38%",0,0,"0,00%"
0.0500,0.100000,1400,2,0,0,"0,00%",0,0,"0,00%"
0.0500,0.000100,1500,146,116,116,"72,50%",28,28,"70,00%"
0.0500,0.001000,1500,32,86,86,"53,75%",15,15,"37,50%"
0.0500,0.010000,1500,7,10,10,"6,25%",1,1,"2,50%"
0.0500,0.100000,1500,3,0,0,"0,00%",0,0,"0,00%"
0.0500,0.000100,1600,152,118,118,"73,75%",31,31,"77,50%"
0.0500,0.001000,1600,34,81,81,"50,63%",25,25,"62,50%"
0.0500,0.010000,1600,8,10,10,"6,25%",1,1,"2,50%"
0.0500,0.100000,1600,3,0,0,"0,00%",0,0,"0,00%"
0.0500,0.000100,1700,147,119,119,"74,38%",29,29,"72,50%"
0.0500,0.001000,1700,32,84,84,"52,50%",19,19,"47,50%"
0.0500,0.010000,1700,7,9,9,"5,63%",3,3,"7,50%"
0.0500,0.100000,1700,3,0,0,"0,00%",0,0,"0,00%"
0.0500,0.000100,1800,148,120,120,"75,00%",28,28,"70,00%"
0.0500,0.001000,1800,33,83,83,"51,88%",21,21,"52,50%"
0.0500,0.010000,1800,8,13,13,"8,13%",4,4,"10,00%"
0.0500,0.100000,1800,3,0,0,"0,00%",0,0,"0,00%"
0.0500,0.000100,1900,153,116,116,"72,50%",30,30,"75,00%"
0.0500,0.001000,1900,32,85,85,"53,13%",17,17,"42,50%"
0.0500,0.010000,1900,8,14,14,"8,75%",2,2,"5,00%"
0.0500,0.100000,1900,3,0,0,"0,00%",0,0,"0,00%"
0.0500,0.000100,2000,154,116,116,"72,50%",31,31,"77,50%"
0.0500,0.001000,2000,33,84,84,"52,50%",21,21,"52,50%"
0.0500,0.010000,2000,7,18,18,"11,25%",2,2,"5,00%"
0.0500,0.100000,2000,3,0,0,"0,00%",0,0,"0,00%"
0.0500,0.000100,2100,154,117,117,"73,13%",32,32,"80,00%"
0.0500,0.001000,2100,35,86,86,"53,75%",20,20,"50,00%"
0.0500,0.010000,2100,7,5,5,"3,13%",0,0,"0,00%"
0.0500,0.100000,2100,2,0,0,"0,00%",0,0,"0,00%"
0.0500,0.000100,2200,152,118,118,"73,75%",31,31,"77,50%"
0.0500,0.001000,2200,35,78,78,"48,75%",26,26,"65,00%"
0.0500,0.010000,2200,7,11,11,"6,88%",1,1,"2,50%"
0.0500,0.100000,2200,3,0,0,"0,00%",0,0,"0,00%"
0.0500,0.000100,2300,148,118,118,"73,75%",27,27,"67,50%"
0.0500,0.001000,2300,34,80,80,"50,00%",24,24,"60,00%"
0.0500,0.010000,2300,7,11,11,"6,88%",3,3,"7,50%"
0.0500,0.100000,2300,3,0,0,"0,00%",0,0,"0,00%"
0.0500,0.000100,2400,161,117,117,"73,13%",33,33,"82,50%"
0.0500,0.001000,2400,35,85,85,"53,13%",23,23,"57,50%"
0.0500,0.010000,2400,7,14,14,"8,75%",6,6,"15,00%"
0.0500,0.100000,2400,2,0,0,"0,00%",0,0,"0,00%"
0.0500,0.000100,2500,152,120,120,"75,00%",26,26,"65,00%"
0.0500,0.001000,2500,33,78,78,"48,75%",23,23,"57,50%"
0.0500,0.010000,2500,7,7,7,"4,38%",2,2,"5,00%"
0.0500,0.100000,2500,3,0,0,"0,00%",1,1,"2,50%"
0.0500,0.000100,2600,147,119,119,"74,38%",28,28,"70,00%"
0.0500,0.001000,2600,34,84,84,"52,50%",18,18,"45,00%"
0.0500,0.010000,2600,7,11,11,"6,88%",6,6,"15,00%"
0.0500,0.100000,2600,2,0,0,"0,00%",0,0,"0,00%"
0.0500,0.000100,2700,156,116,116,"72,50%",31,31,"77,50%"
0.0500,0.001000,2700,33,88,88,"55,00%",15,15,"37,50%"
0.0500,0.010000,2700,8,12,12,"7,50%",2,2,"5,00%"
0.0500,0.100000,2700,2,0,0,"0,00%",0,0,"0,00%"
0.0500,0.000100,2800,153,118,118,"73,75%",28,28,"70,00%"
0.0500,0.001000,2800,34,86,86,"53,75%",20,20,"50,00%"
0.0500,0.010000,2800,8,8,8,"5,00%",4,4,"10,00%"
0.0500,0.100000,2800,2,0,0,"0,00%",0,0,"0,00%"
0.0500,0.000100,2900,153,118,118,"73,75%",28,28,"70,00%"
0.0500,0.001000,2900,33,85,85,"53,13%",17,17,"42,50%"
0.0500,0.010000,2900,8,14,14,"8,75%",5,5,"12,50%"
0.0500,0.100000,2900,3,0,0,"0,00%",0,0,"0,00%"
0.0500,0.000100,3000,141,121,121,"75,63%",23,23,"57,50%"
0.0500,0.001000,3000,34,85,85,"53,13%",20,20,"50,00%"
0.0500,0.010000,3000,8,17,17,"10,63%",2,2,"5,00%"
0.0500,0.100000,3000,3,0,0,"0,00%",0,0,"0,00%"
0.0500,0.000100,3100,148,120,120,"75,00%",28,28,"70,00%"
0.0500,0.001000,3100,32,91,91,"56,88%",15,15,"37,50%"
0.0500,0.010000,3100,7,12,12,"7,50%",2,2,"5,00%"
0.0500,0.100000,3100,2,0,0,"0,00%",0,0,"0,00%"
0.0500,0.000100,3200,135,125,125,"78,13%",21,21,"52,50%"
0.0500,0.001000,3200,36,79,79,"49,38%",27,27,"67,50%"
0.0500,0.010000,3200,9,14,14,"8,75%",2,2,"5,00%"
0.0500,0.100000,3200,3,1,1,"0,63%",0,0,"0,00%"
0.0500,0.000100,3300,154,115,115,"71,88%",31,31,"77,50%"
0.0500,0.001000,3300,34,82,82,"51,25%",22,22,"55,00%"
0.0500,0.010000,3300,7,11,11,"6,88%",8,8,"20,00%"
0.0500,0.100000,3300,3,1,1,"0,63%",0,0,"0,00%"
0.0500,0.000100,3400,145,118,118,"73,75%",28,28,"70,00%"
0.0500,0.001000,3400,34,86,86,"53,75%",20,20,"50,00%"
0.0500,0.010000,3400,7,15,15,"9,38%",2,2,"5,00%"
0.0500,0.100000,3400,3,0,0,"0,00%",0,0,"0,00%"
0.0500,0.000100,3500,145,118,118,"73,75%",27,27,"67,50%"
0.0500,0.001000,3500,33,82,82,"51,25%",20,20,"50,00%"
0.0500,0.010000,3500,7,19,19,"11,88%",4,4,"10,00%"
0.0500,0.100000,3500,2,0,0,"0,00%",0,0,"0,00%"
0.0500,0.000100,3600,148,115,115,"71,88%",27,27,"67,50%"
0.0500,0.001000,3600,34,83,83,"51,88%",21,21,"52,50%"
0.0500,0.010000,3600,8,7,7,"4,38%",1,1,"2,50%"
0.0500,0.100000,3600,2,0,0,"0,00%",0,0,"0,00%"
0.0500,0.000100,3700,151,117,117,"73,13%",28,28,"70,00%"
0.0500,0.001000,3700,33,82,82,"51,25%",17,17,"42,50%"
0.0500,0.010000,3700,7,10,10,"6,25%",3,3,"7,50%"
0.0500,0.100000,3700,3,0,0,"0,00%",0,0,"0,00%"
0.0500,0.000100,3800,158,116,116,"72,50%",30,30,"75,00%"
0.0500,0.001000,3800,32,79,79,"49,38%",20,20,"50,00%"
0.0500,0.010000,3800,7,16,16,"10,00%",3,3,"7,50%"
0.0500,0.100000,3800,2,0,0,"0,00%",0,0,"0,00%"
0.0500,0.000100,3900,148,121,121,"75,63%",28,28,"70,00%"
0.0500,0.001000,3900,34,81,81,"50,63%",26,26,"65,00%"
0.0500,0.010000,3900,9,18,18,"11,25%",3,3,"7,50%"
0.0500,0.100000,3900,3,0,0,"0,00%",0,0,"0,00%"
0.0500,0.000100,4000,149,116,116,"72,50%",29,29,"72,50%"
0.0500,0.001000,4000,34,86,86,"53,75%",16,16,"40,00%"
0.0500,0.010000,4000,9,20,20,"12,50%",3,3,"7,50%"
0.0500,0.100000,4000,3,0,0,"0,00%",0,0,"0,00%"
0.1000,0.000100,500,117,128,128,"80,00%",29,29,"72,50%"
0.1000,0.001000,500,28,93,93,"58,13%",26,26,"65,00%"
0.1000,0.010000,500,7,48,48,"30,00%",7,7,"17,50%"
0.1000,0.100000,500,2,4,4,"2,50%",0,0,"0,00%"
0.1000,0.000100,1000,130,127,127,"79,38%",31,31,"77,50%"
0.1000,0.001000,1000,26,95,95,"59,38%",23,23,"57,50%"
0.1000,0.010000,1000,7,38,38,"23,75%",12,12,"30,00%"
0.1000,0.100000,1000,2,0,0,"0,00%",0,0,"0,00%"
0.1000,0.000100,1100,119,124,124,"77,50%",30,30,"75,00%"
0.1000,0.001000,1100,27,100,100,"62,50%",19,19,"47,50%"
0.1000,0.010000,1100,7,42,42,"26,25%",10,10,"25,00%"
0.1000,0.100000,1100,2,18,18,"11,25%",1,1,"2,50%"
0.1000,0.000100,1200,128,124,124,"77,50%",30,30,"75,00%"
0.1000,0.001000,1200,27,93,93,"58,13%",24,24,"60,00%"
0.1000,0.010000,1200,7,41,41,"25,63%",12,12,"30,00%"
0.1000,0.100000,1200,2,0,0,"0,00%",0,0,"0,00%"
0.1000,0.000100,1300,123,126,126,"78,75%",31,31,"77,50%"
0.1000,0.001000,1300,27,94,94,"58,75%",28,28,"70,00%"
0.1000,0.010000,1300,7,36,36,"22,50%",8,8,"20,00%"
0.1000,0.100000,1300,2,5,5,"3,13%",2,2,"5,00%"
0.1000,0.000100,1400,128,124,124,"77,50%",28,28,"70,00%"
0.1000,0.001000,1400,26,97,97,"60,63%",24,24,"60,00%"
0.1000,0.010000,1400,7,30,30,"18,75%",13,13,"32,50%"
0.1000,0.100000,1400,2,0,0,"0,00%",0,0,"0,00%"
0.1000,0.000100,1500,115,128,128,"80,00%",28,28,"70,00%"
0.1000,0.001000,1500,26,92,92,"57,50%",27,27,"67,50%"
0.1000,0.010000,1500,8,45,45,"28,13%",8,8,"20,00%"
0.1000,0.100000,1500,2,0,0,"0,00%",0,0,"0,00%"
0.1000,0.000100,1600,125,126,126,"78,75%",29,29,"72,50%"
0.1000,0.001000,1600,26,99,99,"61,88%",19,19,"47,50%"
0.1000,0.010000,1600,7,39,39,"24,38%",8,8,"20,00%"
0.1000,0.100000,1600,3,3,3,"1,88%",2,2,"5,00%"
0.1000,0.000100,1700,137,125,125,"78,13%",35,35,"87,50%"
0.1000,0.001000,1700,28,90,90,"56,25%",30,30,"75,00%"
0.1000,0.010000,1700,8,48,48,"30,00%",9,9,"22,50%"
0.1000,0.100000,1700,2,0,0,"0,00%",0,0,"0,00%"
0.1000,0.000100,1800,129,122,122,"76,25%",33,33,"82,50%"
0.1000,0.001000,1800,27,98,98,"61,25%",25,25,"62,50%"
0.1000,0.010000,1800,7,42,42,"26,25%",8,8,"20,00%"
0.1000,0.100000,1800,3,26,26,"16,25%",2,2,"5,00%"
0.1000,0.000100,1900,125,127,127,"79,38%",30,30,"75,00%"
0.1000,0.001000,1900,26,99,99,"61,88%",23,23,"57,50%"
0.1000,0.010000,1900,6,36,36,"22,50%",9,9,"22,50%"
0.1000,0.100000,1900,2,0,0,"0,00%",0,0,"0,00%"
0.1000,0.000100,2000,122,130,130,"81,25%",30,30,"75,00%"
0.1000,0.001000,2000,26,101,101,"63,13%",20,20,"50,00%"
0.1000,0.010000,2000,7,35,35,"21,88%",9,9,"22,50%"
0.1000,0.100000,2000,2,5,5,"3,13%",1,1,"2,50%"
0.1000,0.000100,2100,136,121,121,"75,63%",37,37,"92,50%"
0.1000,0.001000,2100,27,93,93,"58,13%",28,28,"70,00%"
0.1000,0.010000,2100,7,41,41,"25,63%",9,9,"22,50%"
0.1000,0.100000,2100,3,16,16,"10,00%",2,2,"5,00%"
0.1000,0.000100,2200,126,125,125,"78,13%",29,29,"72,50%"
0.1000,0.001000,2200,27,99,99,"61,88%",24,24,"60,00%"
0.1000,0.010000,2200,7,39,39,"24,38%",9,9,"22,50%"
0.1000,0.100000,2200,2,2,2,"1,25%",0,0,"0,00%"
0.1000,0.000100,2300,126,126,126,"78,75%",30,30,"75,00%"
0.1000,0.001000,2300,26,97,97,"60,63%",24,24,"60,00%"
0.1000,0.010000,2300,7,48,48,"30,00%",7,7,"17,50%"
0.1000,0.100000,2300,3,3,3,"1,88%",1,1,"2,50%"
0.1000,0.000100,2400,126,126,126,"78,75%",30,30,"75,00%"
0.1000,0.001000,2400,27,94,94,"58,75%",24,24,"60,00%"
0.1000,0.010000,2400,7,42,42,"26,25%",4,4,"10,00%"
0.1000,0.100000,2400,2,0,0,"0,00%",0,0,"0,00%"
0.1000,0.000100,2500,123,126,126,"78,75%",29,29,"72,50%"
0.1000,0.001000,2500,27,96,96,"60,00%",24,24,"60,00%"
0.1000,0.010000,2500,7,41,41,"25,63%",9,9,"22,50%"
0.1000,0.100000,2500,2,1,1,"0,63%",1,1,"2,50%"
0.1000,0.000100,2600,131,122,122,"76,25%",35,35,"87,50%"
0.1000,0.001000,2600,27,96,96,"60,00%",22,22,"55,00%"
0.1000,0.010000,2600,8,43,43,"26,88%",8,8,"20,00%"
0.1000,0.100000,2600,2,0,0,"0,00%",0,0,"0,00%"
0.1000,0.000100,2700,124,128,128,"80,00%",30,30,"75,00%"
0.1000,0.001000,2700,26,102,102,"63,75%",21,21,"52,50%"
0.1000,0.010000,2700,7,46,46,"28,75%",12,12,"30,00%"
0.1000,0.100000,2700,2,4,4,"2,50%",0,0,"0,00%"
0.1000,0.000100,2800,126,124,124,"77,50%",32,32,"80,00%"
0.1000,0.001000,2800,27,98,98,"61,25%",21,21,"52,50%"
0.1000,0.010000,2800,7,43,43,"26,88%",10,10,"25,00%"
0.1000,0.100000,2800,3,4,4,"2,50%",2,2,"5,00%"
0.1000,0.000100,2900,132,125,125,"78,13%",33,33,"82,50%"
0.1000,0.001000,2900,27,100,100,"62,50%",21,21,"52,50%"
0.1000,0.010000,2900,7,37,37,"23,13%",9,9,"22,50%"
0.1000,0.100000,2900,3,7,7,"4,38%",0,0,"0,00%"
0.1000,0.000100,3000,134,122,122,"76,25%",33,33,"82,50%"
0.1000,0.001000,3000,27,93,93,"58,13%",27,27,"67,50%"
0.1000,0.010000,3000,8,36,36,"22,50%",15,15,"37,50%"
0.1000,0.100000,3000,2,0,0,"0,00%",0,0,"0,00%"
0.1000,0.000100,3100,121,125,125,"78,13%",31,31,"77,50%"
0.1000,0.001000,3100,27,99,99,"61,88%",22,22,"55,00%"
0.1000,0.010000,3100,7,37,37,"23,13%",11,11,"27,50%"
0.1000,0.100000,3100,2,0,0,"0,00%",0,0,"0,00%"
0.1000,0.000100,3200,126,127,127,"79,38%",32,32,"80,00%"
0.1000,0.001000,3200,27,96,96,"60,00%",25,25,"62,50%"
0.1000,0.010000,3200,7,40,40,"25,00%",9,9,"22,50%"
0.1000,0.100000,3200,3,1,1,"0,63%",0,0,"0,00%"
0.1000,0.000100,3300,128,126,126,"78,75%",32,32,"80,00%"
0.1000,0.001000,3300,27,98,98,"61,25%",24,24,"60,00%"
0.1000,0.010000,3300,7,49,49,"30,63%",8,8,"20,00%"
0.1000,0.100000,3300,3,3,3,"1,88%",0,0,"0,00%"
0.1000,0.000100,3400,123,124,124,"77,50%",31,31,"77,50%"
0.1000,0.001000,3400,26,96,96,"60,00%",21,21,"52,50%"
0.1000,0.010000,3400,7,39,39,"24,38%",14,14,"35,00%"
0.1000,0.100000,3400,2,0,0,"0,00%",0,0,"0,00%"
0.1000,0.000100,3500,128,124,124,"77,50%",30,30,"75,00%"
0.1000,0.001000,3500,27,98,98,"61,25%",22,22,"55,00%"
0.1000,0.010000,3500,7,46,46,"28,75%",10,10,"25,00%"
0.1000,0.100000,3500,2,0,0,"0,00%",0,0,"0,00%"
0.1000,0.000100,3600,133,121,121,"75,63%",33,33,"82,50%"
0.1000,0.001000,3600,27,96,96,"60,00%",24,24,"60,00%"
0.1000,0.010000,3600,8,41,41,"25,63%",11,11,"27,50%"
0.1000,0.100000,3600,2,0,0,"0,00%",0,0,"0,00%"
0.1000,0.000100,3700,129,128,128,"80,00%",32,32,"80,00%"
0.1000,0.001000,3700,26,97,97,"60,63%",23,23,"57,50%"
0.1000,0.010000,3700,8,40,40,"25,00%",10,10,"25,00%"
0.1000,0.100000,3700,2,0,0,"0,00%",0,0,"0,00%"
0.1000,0.000100,3800,125,121,121,"75,63%",35,35,"87,50%"
0.1000,0.001000,3800,26,101,101,"63,13%",17,17,"42,50%"
0.1000,0.010000,3800,7,46,46,"28,75%",5,5,"12,50%"
0.1000,0.100000,3800,2,0,0,"0,00%",0,0,"0,00%"
0.1000,0.000100,3900,119,128,128,"80,00%",27,27,"67,50%"
0.1000,0.001000,3900,26,95,95,"59,38%",22,22,"55,00%"
0.1000,0.010000,3900,7,35,35,"21,88%",9,9,"22,50%"
0.1000,0.100000,3900,2,0,0,"0,00%",1,1,"2,50%"
0.1000,0.000100,4000,117,125,125,"78,13%",30,30,"75,00%"
0.1000,0.001000,4000,28,94,94,"58,75%",28,28,"70,00%"
0.1000,0.010000,4000,7,42,42,"26,25%",12,12,"30,00%"
0.1000,0.100000,4000,2,0,0,"0,00%",1,1,"2,50%"
0.2000,0.000100,500,102,133,133,"83,13%",29,29,"72,50%"
0.2000,0.001000,500,20,113,113,"70,63%",19,19,"47,50%"
0.2000,0.010000,500,6,67,67,"41,88%",14,14,"35,00%"
0.2000,0.100000,500,2,14,14,"8,75%",4,4,"10,00%"
0.2000,0.000100,1000,109,129,129,"80,63%",35,35,"87,50%"
0.2000,0.001000,1000,21,116,116,"72,50%",23,23,"57,50%"
0.2000,0.010000,1000,6,70,70,"43,75%",15,15,"37,50%"
0.2000,0.100000,1000,2,13,13,"8,13%",1,1,"2,50%"
0.2000,0.000100,1100,111,126,126,"78,75%",36,36,"90,00%"
0.2000,0.001000,1100,21,107,107,"66,88%",27,27,"67,50%"
0.2000,0.010000,1100,6,71,71,"44,38%",17,17,"42,50%"
0.2000,0.100000,1100,2,22,22,"13,75%",5,5,"12,50%"
0.2000,0.000100,1200,102,132,132,"82,50%",30,30,"75,00%"
0.2000,0.001000,1200,22,104,104,"65,00%",26,26,"65,00%"
0.2000,0.010000,1200,6,67,67,"41,88%",14,14,"35,00%"
0.2000,0.100000,1200,2,16,16,"10,00%",3,3,"7,50%"
0.2000,0.000100,1300,101,133,133,"83,13%",29,29,"72,50%"
0.2000,0.001000,1300,22,108,108,"67,50%",26,26,"65,00%"
0.2000,0.010000,1300,6,67,67,"41,88%",17,17,"42,50%"
0.2000,0.100000,1300,3,29,29,"18,13%",6,6,"15,00%"
0.2000,0.000100,1400,100,133,133,"83,13%",29,29,"72,50%"
0.2000,0.001000,1400,22,107,107,"66,88%",26,26,"65,00%"
0.2000,0.010000,1400,6,63,63,"39,38%",17,17,"42,50%"
0.2000,0.100000,1400,3,30,30,"18,75%",5,5,"12,50%"
0.2000,0.000100,1500,105,134,134,"83,75%",30,30,"75,00%"
0.2000,0.001000,1500,22,112,112,"70,00%",26,26,"65,00%"
0.2000,0.010000,1500,6,73,73,"45,63%",17,17,"42,50%"
0.2000,0.100000,1500,2,19,19,"11,88%",8,8,"20,00%"
0.2000,0.000100,1600,112,129,129,"80,63%",36,36,"90,00%"
0.2000,0.001000,1600,22,101,101,"63,13%",31,31,"77,50%"
0.2000,0.010000,1600,6,68,68,"42,50%",15,15,"37,50%"
0.2000,0.100000,1600,3,45,45,"28,13%",9,9,"22,50%"
0.2000,0.000100,1700,114,129,129,"80,63%",37,37,"92,50%"
0.2000,0.001000,1700,21,107,107,"66,88%",24,24,"60,00%"
0.2000,0.010000,1700,6,73,73,"45,63%",15,15,"37,50%"
0.2000,0.100000,1700,2,10,10,"6,25%",2,2,"5,00%"
0.2000,0.000100,1800,103,134,134,"83,75%",29,29,"72,50%"
0.2000,0.001000,1800,21,107,107,"66,88%",28,28,"70,00%"
0.2000,0.010000,1800,6,70,70,"43,75%",18,18,"45,00%"
0.2000,0.100000,1800,2,19,19,"11,88%",7,7,"17,50%"
0.2000,0.000100,1900,97,134,134,"83,75%",30,30,"75,00%"
0.2000,0.001000,1900,22,106,106,"66,25%",28,28,"70,00%"
0.2000,0.010000,1900,6,66,66,"41,25%",16,16,"40,00%"
0.2000,0.100000,1900,2,25,25,"15,63%",11,11,"27,50%"
0.2000,0.000100,2000,108,131,131,"81,88%",32,32,"80,00%"
0.2000,0.001000,2000,22,104,104,"65,00%",30,30,"75,00%"
0.2000,0.010000,2000,6,66,66,"41,25%",18,18,"45,00%"
0.2000,0.100000,2000,3,29,29,"18,13%",7,7,"17,50%"
0.2000,0.000100,2100,104,133,133,"83,13%",31,31,"77,50%"
0.2000,0.001000,2100,21,108,108,"67,50%",26,26,"65,00%"
0.2000,0.010000,2100,6,70,70,"43,75%",15,15,"37,50%"
0.2000,0.100000,2100,3,35,35,"21,88%",8,8,"20,00%"
0.2000,0.000100,2200,108,129,129,"80,63%",35,35,"87,50%"
0.2000,0.001000,2200,22,109,109,"68,13%",28,28,"70,00%"
0.2000,0.010000,2200,6,69,69,"43,13%",16,16,"40,00%"
0.2000,0.100000,2200,2,11,11,"6,88%",2,2,"5,00%"
0.2000,0.000100,2300,104,132,132,"82,50%",31,31,"77,50%"
0.2000,0.001000,2300,22,104,104,"65,00%",31,31,"77,50%"
0.2000,0.010000,2300,6,73,73,"45,63%",16,16,"40,00%"
0.2000,0.100000,2300,2,8,8,"5,00%",3,3,"7,50%"
0.2000,0.000100,2400,110,132,132,"82,50%",31,31,"77,50%"
0.2000,0.001000,2400,21,109,109,"68,13%",25,25,"62,50%"
0.2000,0.010000,2400,6,69,69,"43,13%",14,14,"35,00%"
0.2000,0.100000,2400,3,32,32,"20,00%",6,6,"15,00%"
0.2000,0.000100,2500,103,130,130,"81,25%",31,31,"77,50%"
0.2000,0.001000,2500,22,106,106,"66,25%",28,28,"70,00%"
0.2000,0.010000,2500,6,72,72,"45,00%",14,14,"35,00%"
0.2000,0.100000,2500,3,42,42,"26,25%",8,8,"20,00%"
0.2000,0.000100,2600,101,134,134,"83,75%",31,31,"77,50%"
0.2000,0.001000,2600,21,107,107,"66,88%",28,28,"70,00%"
0.2000,0.010000,2600,6,70,70,"43,75%",17,17,"42,50%"
0.2000,0.100000,2600,3,40,40,"25,00%",4,4,"10,00%"
0.2000,0.000100,2700,118,129,129,"80,63%",36,36,"90,00%"
0.2000,0.001000,2700,22,110,110,"68,75%",28,28,"70,00%"
0.2000,0.010000,2700,6,69,69,"43,13%",17,17,"42,50%"
0.2000,0.100000,2700,2,17,17,"10,63%",4,4,"10,00%"
0.2000,0.000100,2800,108,129,129,"80,63%",32,32,"80,00%"
0.2000,0.001000,2800,23,99,99,"61,88%",33,33,"82,50%"
0.2000,0.010000,2800,6,65,65,"40,63%",19,19,"47,50%"
0.2000,0.100000,2800,2,15,15,"9,38%",8,8,"20,00%"
0.2000,0.000100,2900,108,131,131,"81,88%",34,34,"85,00%"
0.2000,0.001000,2900,22,107,107,"66,88%",28,28,"70,00%"
0.2000,0.010000,2900,6,69,69,"43,13%",19,19,"47,50%"
0.2000,0.100000,2900,3,33,33,"20,63%",10,10,"25,00%"
0.2000,0.000100,3000,108,133,133,"83,13%",32,32,"80,00%"
0.2000,0.001000,3000,21,105,105,"65,63%",25,25,"62,50%"
0.2000,0.010000,3000,6,72,72,"45,00%",18,18,"45,00%"
0.2000,0.100000,3000,2,7,7,"4,38%",1,1,"2,50%"
0.2000,0.000100,3100,105,130,130,"81,25%",33,33,"82,50%"
0.2000,0.001000,3100,20,111,111,"69,38%",20,20,"50,00%"
0.2000,0.010000,3100,6,69,69,"43,13%",23,23,"57,50%"
0.2000,0.100000,3100,2,24,24,"15,00%",4,4,"10,00%"
0.2000,0.000100,3200,108,129,129,"80,63%",34,34,"85,00%"
0.2000,0.001000,3200,22,107,107,"66,88%",29,29,"72,50%"
0.2000,0.010000,3200,6,67,67,"41,88%",16,16,"40,00%"
0.2000,0.100000,3200,2,10,10,"6,25%",4,4,"10,00%"
0.2000,0.000100,3300,102,132,132,"82,50%",32,32,"80,00%"
0.2000,0.001000,3300,22,107,107,"66,88%",26,26,"65,00%"
0.2000,0.010000,3300,6,70,70,"43,75%",18,18,"45,00%"
0.2000,0.100000,3300,3,31,31,"19,38%",4,4,"10,00%"
0.2000,0.000100,3400,107,133,133,"83,13%",31,31,"77,50%"
0.2000,0.001000,3400,22,109,109,"68,13%",30,30,"75,00%"
0.2000,0.010000,3400,6,70,70,"43,75%",18,18,"45,00%"
0.2000,0.100000,3400,3,30,30,"18,75%",8,8,"20,00%"
0.2000,0.000100,3500,111,132,132,"82,50%",34,34,"85,00%"
0.2000,0.001000,3500,21,107,107,"66,88%",28,28,"70,00%"
0.2000,0.010000,3500,6,68,68,"42,50%",22,22,"55,00%"
0.2000,0.100000,3500,2,17,17,"10,63%",5,5,"12,50%"
0.2000,0.000100,3600,93,136,136,"85,00%",28,28,"70,00%"
0.2000,0.001000,3600,21,110,110,"68,75%",25,25,"62,50%"
0.2000,0.010000,3600,6,68,68,"42,50%",20,20,"50,00%"
0.2000,0.100000,3600,3,19,19,"11,88%",10,10,"25,00%"
0.2000,0.000100,3700,102,133,133,"83,13%",30,30,"75,00%"
0.2000,0.001000,3700,22,104,104,"65,00%",29,29,"72,50%"
0.2000,0.010000,3700,6,73,73,"45,63%",14,14,"35,00%"
0.2000,0.100000,3700,2,22,22,"13,75%",5,5,"12,50%"
0.2000,0.000100,3800,104,132,132,"82,50%",31,31,"77,50%"
0.2000,0.001000,3800,21,109,109,"68,13%",21,21,"52,50%"
0.2000,0.010000,3800,6,73,73,"45,63%",16,16,"40,00%"
0.2000,0.100000,3800,2,25,25,"15,63%",7,7,"17,50%"
0.2000,0.000100,3900,101,130,130,"81,25%",31,31,"77,50%"
0.2000,0.001000,3900,21,103,103,"64,38%",28,28,"70,00%"
0.2000,0.010000,3900,6,69,69,"43,13%",21,21,"52,50%"
0.2000,0.100000,3900,2,18,18,"11,25%",3,3,"7,50%"
0.2000,0.000100,4000,113,131,131,"81,88%",33,33,"82,50%"
0.2000,0.001000,4000,23,103,103,"64,38%",30,30,"75,00%"
0.2000,0.010000,4000,6,74,74,"46,25%",16,16,"40,00%"
0.2000,0.100000,4000,3,26,26,"16,25%",6,6,"15,00%"
0.3000,0.000100,500,94,133,133,"83,13%",34,34,"85,00%"
0.3000,0.001000,500,21,111,111,"69,38%",36,36,"90,00%"
0.3000,0.010000,500,6,86,86,"53,75%",21,21,"52,50%"
0.3000,0.100000,500,2,38,38,"23,75%",10,10,"25,00%"
0.3000,0.000100,1000,96,135,135,"84,38%",34,34,"85,00%"
0.3000,0.001000,1000,19,117,117,"73,13%",26,26,"65,00%"
0.3000,0.010000,1000,5,84,84,"52,50%",17,17,"42,50%"
0.3000,0.100000,1000,2,25,25,"15,63%",7,7,"17,50%"
0.3000,0.000100,1100,98,133,133,"83,13%",34,34,"85,00%"
0.3000,0.001000,1100,19,112,112,"70,00%",26,26,"65,00%"
0.3000,0.010000,1100,6,83,83,"51,88%",24,24,"60,00%"
0.3000,0.100000,1100,2,30,30,"18,75%",11,11,"27,50%"
0.3000,0.000100,1200,99,130,130,"81,25%",35,35,"87,50%"
0.3000,0.001000,1200,20,114,114,"71,25%",32,32,"80,00%"
0.3000,0.010000,1200,6,88,88,"55,00%",20,20,"50,00%"
0.3000,0.100000,1200,3,56,56,"35,00%",15,15,"37,50%"
0.3000,0.000100,1300,91,135,135,"84,38%",31,31,"77,50%"
0.3000,0.001000,1300,19,116,116,"72,50%",28,28,"70,00%"
0.3000,0.010000,1300,6,86,86,"53,75%",25,25,"62,50%"
0.3000,0.100000,1300,2,46,46,"28,75%",11,11,"27,50%"
0.3000,0.000100,1400,98,133,133,"83,13%",36,36,"90,00%"
0.3000,0.001000,1400,19,110,110,"68,75%",31,31,"77,50%"
0.3000,0.010000,1400,6,85,85,"53,13%",21,21,"52,50%"
0.3000,0.100000,1400,2,38,38,"23,75%",5,5,"12,50%"
0.3000,0.000100,1500,104,131,131,"81,88%",37,37,"92,50%"
0.3000,0.001000,1500,19,115,115,"71,88%",22,22,"55,00%"
0.3000,0.010000,1500,5,79,79,"49,38%",23,23,"57,50%"
0.3000,0.100000,1500,2,44,44,"27,50%",13,13,"32,50%"
0.3000,0.000100,1600,106,133,133,"83,13%",37,37,"92,50%"
0.3000,0.001000,1600,19,115,115,"71,88%",27,27,"67,50%"
0.3000,0.010000,1600,5,83,83,"51,88%",17,17,"42,50%"
0.3000,0.100000,1600,2,29,29,"18,13%",6,6,"15,00%"
0.3000,0.000100,1700,101,134,134,"83,75%",35,35,"87,50%"
0.3000,0.001000,1700,19,117,117,"73,13%",26,26,"65,00%"
0.3000,0.010000,1700,6,84,84,"52,50%",23,23,"57,50%"
0.3000,0.100000,1700,2,45,45,"28,13%",10,10,"25,00%"
0.3000,0.000100,1800,95,134,134,"83,75%",34,34,"85,00%"
0.3000,0.001000,1800,19,115,115,"71,88%",25,25,"62,50%"
0.3000,0.010000,1800,5,80,80,"50,00%",20,20,"50,00%"
0.3000,0.100000,1800,2,28,28,"17,50%",9,9,"22,50%"
0.3000,0.000100,1900,96,133,133,"83,13%",33,33,"82,50%"
0.3000,0.001000,1900,19,113,113,"70,63%",26,26,"65,00%"
0.3000,0.010000,1900,6,88,88,"55,00%",16,16,"40,00%"
0.3000,0.100000,1900,2,44,44,"27,50%",10,10,"25,00%"
0.3000,0.000100,2000,86,136,136,"85,00%",30,30,"75,00%"
0.3000,0.001000,2000,20,111,111,"69,38%",34,34,"85,00%"
0.3000,0.010000,2000,6,82,82,"51,25%",26,26,"65,00%"
0.3000,0.100000,2000,2,33,33,"20,63%",8,8,"20,00%"
0.3000,0.000100,2100,97,135,135,"84,38%",34,34,"85,00%"
0.3000,0.001000,2100,19,114,114,"71,25%",29,29,"72,50%"
0.3000,0.010000,2100,6,94,94,"58,75%",14,14,"35,00%"
0.3000,0.100000,2100,2,49,49,"30,63%",11,11,"27,50%"
0.3000,0.000100,2200,97,134,134,"83,75%",32,32,"80,00%"
0.3000,0.001000,2200,20,110,110,"68,75%",31,31,"77,50%"
0.3000,0.010000,2200,5,79,79,"49,38%",19,19,"47,50%"
0.3000,0.100000,2200,3,59,59,"36,88%",7,7,"17,50%"
0.3000,0.000100,2300,96,134,134,"83,75%",32,32,"80,00%"
0.3000,0.001000,2300,18,114,114,"71,25%",31,31,"77,50%"
0.3000,0.010000,2300,6,86,86,"53,75%",21,21,"52,50%"
0.3000,0.100000,2300,3,60,60,"37,50%",10,10,"25,00%"
0.3000,0.000100,2400,94,137,137,"85,63%",28,28,"70,00%"
0.3000,0.001000,2400,19,111,111,"69,38%",30,30,"75,00%"
0.3000,0.010000,2400,5,83,83,"51,88%",19,19,"47,50%"
0.3000,0.100000,2400,2,32,32,"20,00%",8,8,"20,00%"
0.3000,0.000100,2500,100,132,132,"82,50%",34,34,"85,00%"
0.3000,0.001000,2500,19,119,119,"74,38%",26,26,"65,00%"
0.3000,0.010000,2500,6,86,86,"53,75%",25,25,"62,50%"
0.3000,0.100000,2500,2,47,47,"29,38%",12,12,"30,00%"
0.3000,0.000100,2600,99,133,133,"83,13%",36,36,"90,00%"
0.3000,0.001000,2600,18,115,115,"71,88%",25,25,"62,50%"
0.3000,0.010000,2600,6,88,88,"55,00%",17,17,"42,50%"
0.3000,0.100000,2600,3,64,64,"40,00%",15,15,"37,50%"
0.3000,0.000100,2700,96,135,135,"84,38%",31,31,"77,50%"
0.3000,0.001000,2700,19,112,112,"70,00%",28,28,"70,00%"
0.3000,0.010000,2700,5,79,79,"49,38%",18,18,"45,00%"
0.3000,0.100000,2700,2,70,70,"43,75%",16,16,"40,00%"
0.3000,0.000100,2800,93,135,135,"84,38%",32,32,"80,00%"
0.3000,0.001000,2800,20,114,114,"71,25%",27,27,"67,50%"
0.3000,0.010000,2800,5,78,78,"48,75%",18,18,"45,00%"
0.3000,0.100000,2800,2,42,42,"26,25%",8,8,"20,00%"
0.3000,0.000100,2900,86,137,137,"85,63%",29,29,"72,50%"
0.3000,0.001000,2900,20,114,114,"71,25%",28,28,"70,00%"
0.3000,0.010000,2900,5,81,81,"50,63%",20,20,"50,00%"
0.3000,0.100000,2900,2,54,54,"33,75%",15,15,"37,50%"
0.3000,0.000100,3000,91,134,134,"83,75%",32,32,"80,00%"
0.3000,0.001000,3000,19,107,107,"66,88%",29,29,"72,50%"
0.3000,0.010000,3000,5,77,77,"48,13%",16,16,"40,00%"
0.3000,0.100000,3000,2,49,49,"30,63%",9,9,"22,50%"
0.3000,0.000100,3100,91,136,136,"85,00%",30,30,"75,00%"
0.3000,0.001000,3100,19,113,113,"70,63%",25,25,"62,50%"
0.3000,0.010000,3100,5,78,78,"48,75%",19,19,"47,50%"
0.3000,0.100000,3100,2,38,38,"23,75%",5,5,"12,50%"
0.3000,0.000100,3200,102,135,135,"84,38%",33,33,"82,50%"
0.3000,0.001000,3200,21,113,113,"70,63%",31,31,"77,50%"
0.3000,0.010000,3200,5,76,76,"47,50%",16,16,"40,00%"
0.3000,0.100000,3200,3,45,45,"28,13%",19,19,"47,50%"
0.3000,0.000100,3300,95,133,133,"83,13%",34,34,"85,00%"
0.3000,0.001000,3300,20,114,114,"71,25%",28,28,"70,00%"
0.3000,0.010000,3300,6,86,86,"53,75%",23,23,"57,50%"
0.3000,0.100000,3300,3,52,52,"32,50%",11,11,"27,50%"
0.3000,0.000100,3400,98,137,137,"85,63%",30,30,"75,00%"
0.3000,0.001000,3400,19,114,114,"71,25%",27,27,"67,50%"
0.3000,0.010000,3400,5,82,82,"51,25%",20,20,"50,00%"
0.3000,0.100000,3400,2,28,28,"17,50%",9,9,"22,50%"
0.3000,0.000100,3500,91,137,137,"85,63%",29,29,"72,50%"
0.3000,0.001000,3500,20,115,115,"71,88%",29,29,"72,50%"
0.3000,0.010000,3500,5,90,90,"56,25%",13,13,"32,50%"
0.3000,0.100000,3500,2,47,47,"29,38%",10,10,"25,00%"
0.3000,0.000100,3600,102,134,134,"83,75%",33,33,"82,50%"
0.3000,0.001000,3600,19,112,112,"70,00%",32,32,"80,00%"
0.3000,0.010000,3600,5,83,83,"51,88%",16,16,"40,00%"
0.3000,0.100000,3600,2,23,23,"14,38%",6,6,"15,00%"
0.3000,0.000100,3700,88,137,137,"85,63%",28,28,"70,00%"
0.3000,0.001000,3700,19,115,115,"71,88%",28,28,"70,00%"
0.3000,0.010000,3700,6,87,87,"54,38%",21,21,"52,50%"
0.3000,0.100000,3700,3,55,55,"34,38%",13,13,"32,50%"
0.3000,0.000100,3800,93,135,135,"84,38%",31,31,"77,50%"
0.3000,0.001000,3800,20,117,117,"73,13%",24,24,"60,00%"
0.3000,0.010000,3800,6,83,83,"51,88%",27,27,"67,50%"
0.3000,0.100000,3800,2,25,25,"15,63%",7,7,"17,50%"
0.3000,0.000100,3900,92,135,135,"84,38%",32,32,"80,00%"
0.3000,0.001000,3900,19,112,112,"70,00%",28,28,"70,00%"
0.3000,0.010000,3900,5,81,81,"50,63%",17,17,"42,50%"
0.3000,0.100000,3900,3,65,65,"40,63%",9,9,"22,50%"
0.3000,0.000100,4000,96,136,136,"85,00%",33,33,"82,50%"
0.3000,0.001000,4000,20,108,108,"67,50%",32,32,"80,00%"
0.3000,0.010000,4000,6,88,88,"55,00%",17,17,"42,50%"
0.3000,0.100000,4000,2,38,38,"23,75%",15,15,"37,50%"
0.4000,0.000100,500,97,134,134,"83,75%",38,38,"95,00%"
0.4000,0.001000,500,19,118,118,"73,75%",29,29,"72,50%"
0.4000,0.010000,500,5,89,89,"55,63%",18,18,"45,00%"
0.4000,0.100000,500,2,58,58,"36,25%",22,22,"55,00%"
0.4000,0.000100,1000,98,134,134,"83,75%",37,37,"92,50%"
0.4000,0.001000,1000,17,119,119,"74,38%",25,25,"62,50%"
0.4000,0.010000,1000,5,93,93,"58,13%",20,20,"50,00%"
0.4000,0.100000,1000,2,53,53,"33,13%",6,6,"15,00%"
0.4000,0.000100,1100,102,137,137,"85,63%",36,36,"90,00%"
0.4000,0.001000,1100,19,114,114,"71,25%",32,32,"80,00%"
0.4000,0.010000,1100,5,83,83,"51,88%",31,31,"77,50%"
0.4000,0.100000,1100,3,69,69,"43,13%",13,13,"32,50%"
0.4000,0.000100,1200,92,135,135,"84,38%",34,34,"85,00%"
0.4000,0.001000,1200,18,117,117,"73,13%",30,30,"75,00%"
0.4000,0.010000,1200,5,93,93,"58,13%",21,21,"52,50%"
0.4000,0.100000,1200,2,65,65,"40,63%",14,14,"35,00%"
0.4000,0.000100,1300,88,135,135,"84,38%",34,34,"85,00%"
0.4000,0.001000,1300,18,115,115,"71,88%",31,31,"77,50%"
0.4000,0.010000,1300,5,97,97,"60,63%",14,14,"35,00%"
0.4000,0.100000,1300,2,63,63,"39,38%",11,11,"27,50%"
0.4000,0.000100,1400,98,134,134,"83,75%",37,37,"92,50%"
0.4000,0.001000,1400,18,120,120,"75,00%",29,29,"72,50%"
0.4000,0.010000,1400,5,81,81,"50,63%",22,22,"55,00%"
0.4000,0.100000,1400,2,45,45,"28,13%",13,13,"32,50%"
0.4000,0.000100,1500,96,135,135,"84,38%",35,35,"87,50%"
0.4000,0.001000,1500,18,120,120,"75,00%",29,29,"72,50%"
0.4000,0.010000,1500,5,86,86,"53,75%",27,27,"67,50%"
0.4000,0.100000,1500,2,60,60,"37,50%",14,14,"35,00%"
0.4000,0.000100,1600,97,134,134,"83,75%",37,37,"92,50%"
0.4000,0.001000,1600,18,117,117,"73,13%",29,29,"72,50%"
0.4000,0.010000,1600,5,95,95,"59,38%",22,22,"55,00%"
0.4000,0.100000,1600,2,48,48,"30,00%",12,12,"30,00%"
0.4000,0.000100,1700,97,135,135,"84,38%",34,34,"85,00%"
0.4000,0.001000,1700,18,120,120,"75,00%",26,26,"65,00%"
0.4000,0.010000,1700,5,89,89,"55,63%",23,23,"57,50%"
0.4000,0.100000,1700,3,66,66,"41,25%",18,18,"45,00%"
0.4000,0.000100,1800,85,137,137,"85,63%",28,28,"70,00%"
0.4000,0.001000,1800,19,114,114,"71,25%",28,28,"70,00%"
0.4000,0.010000,1800,5,87,87,"54,38%",23,23,"57,50%"
0.4000,0.100000,1800,2,48,48,"30,00%",13,13,"32,50%"
0.4000,0.000100,1900,97,138,138,"86,25%",36,36,"90,00%"
0.4000,0.001000,1900,18,119,119,"74,38%",31,31,"77,50%"
0.4000,0.010000,1900,5,90,90,"56,25%",23,23,"57,50%"
0.4000,0.100000,1900,2,53,53,"33,13%",11,11,"27,50%"
0.4000,0.000100,2000,86,140,140,"87,50%",29,29,"72,50%"
0.4000,0.001000,2000,20,117,117,"73,13%",34,34,"85,00%"
0.4000,0.010000,2000,5,86,86,"53,75%",25,25,"62,50%"
0.4000,0.100000,2000,2,57,57,"35,63%",9,9,"22,50%"
0.4000,0.000100,2100,95,138,138,"86,25%",33,33,"82,50%"
0.4000,0.001000,2100,17,118,118,"73,75%",30,30,"75,00%"
0.4000,0.010000,2100,5,88,88,"55,00%",22,22,"55,00%"
0.4000,0.100000,2100,3,75,75,"46,88%",15,15,"37,50%"
0.4000,0.000100,2200,94,132,132,"82,50%",37,37,"92,50%"
0.4000,0.001000,2200,17,115,115,"71,88%",27,27,"67,50%"
0.4000,0.010000,2200,5,82,82,"51,25%",24,24,"60,00%"
0.4000,0.100000,2200,2,55,55,"34,38%",11,11,"27,50%"
0.4000,0.000100,2300,92,139,139,"86,88%",33,33,"82,50%"
0.4000,0.001000,2300,18,117,117,"73,13%",29,29,"72,50%"
0.4000,0.010000,2300,5,87,87,"54,38%",25,25,"62,50%"
0.4000,0.100000,2300,2,52,52,"32,50%",14,14,"35,00%"
0.4000,0.000100,2400,94,136,136,"85,00%",34,34,"85,00%"
0.4000,0.001000,2400,19,111,111,"69,38%",35,35,"87,50%"
0.4000,0.010000,2400,5,95,95,"59,38%",21,21,"52,50%"
0.4000,0.100000,2400,2,60,60,"37,50%",13,13,"32,50%"
0.4000,0.000100,2500,97,135,135,"84,38%",35,35,"87,50%"
0.4000,0.001000,2500,18,122,122,"76,25%",27,27,"67,50%"
0.4000,0.010000,2500,5,88,88,"55,00%",24,24,"60,00%"
0.4000,0.100000,2500,2,56,56,"35,00%",15,15,"37,50%"
0.4000,0.000100,2600,91,138,138,"86,25%",33,33,"82,50%"
0.4000,0.001000,2600,18,123,123,"76,88%",27,27,"67,50%"
0.4000,0.010000,2600,5,87,87,"54,38%",19,19,"47,50%"
0.4000,0.100000,2600,2,56,56,"35,00%",15,15,"37,50%"
0.4000,0.000100,2700,97,135,135,"84,38%",34,34,"85,00%"
0.4000,0.001000,2700,17,125,125,"78,13%",24,24,"60,00%"
0.4000,0.010000,2700,5,90,90,"56,25%",22,22,"55,00%"
0.4000,0.100000,2700,2,54,54,"33,75%",9,9,"22,50%"
0.4000,0.000100,2800,92,136,136,"85,00%",35,35,"87,50%"
0.4000,0.001000,2800,17,114,114,"71,25%",31,31,"77,50%"
0.4000,0.010000,2800,5,89,89,"55,63%",19,19,"47,50%"
0.4000,0.100000,2800,2,55,55,"34,38%",10,10,"25,00%"
0.4000,0.000100,2900,93,137,137,"85,63%",33,33,"82,50%"
0.4000,0.001000,2900,17,118,118,"73,75%",27,27,"67,50%"
0.4000,0.010000,2900,5,89,89,"55,63%",20,20,"50,00%"
0.4000,0.100000,2900,2,45,45,"28,13%",12,12,"30,00%"
0.4000,0.000100,3000,80,138,138,"86,25%",30,30,"75,00%"
0.4000,0.001000,3000,18,117,117,"73,13%",31,31,"77,50%"
0.4000,0.010000,3000,5,101,101,"63,13%",18,18,"45,00%"
0.4000,0.100000,3000,3,66,66,"41,25%",12,12,"30,00%"
0.4000,0.000100,3100,87,140,140,"87,50%",30,30,"75,00%"
0.4000,0.001000,3100,18,121,121,"75,63%",28,28,"70,00%"
0.4000,0.010000,3100,5,93,93,"58,13%",21,21,"52,50%"
0.4000,0.100000,3100,3,61,61,"38,13%",20,20,"50,00%"
0.4000,0.000100,3200,88,140,140,"87,50%",32,32,"80,00%"
0.4000,0.001000,3200,18,118,118,"73,75%",26,26,"65,00%"
0.4000,0.010000,3200,5,83,83,"51,88%",23,23,"57,50%"
0.4000,0.100000,3200,3,72,72,"45,00%",17,17,"42,50%"
0.4000,0.000100,3300,94,139,139,"86,88%",35,35,"87,50%"
0.4000,0.001000,3300,18,119,119,"74,38%",28,28,"70,00%"
0.4000,0.010000,3300,5,87,87,"54,38%",24,24,"60,00%"
0.4000,0.100000,3300,2,57,57,"35,63%",15,15,"37,50%"
0.4000,0.000100,3400,95,135,135,"84,38%",36,36,"90,00%"
0.4000,0.001000,3400,18,123,123,"76,88%",23,23,"57,50%"
0.4000,0.010000,3400,5,85,85,"53,13%",21,21,"52,50%"
0.4000,0.100000,3400,3,67,67,"41,88%",13,13,"32,50%"
0.4000,0.000100,3500,95,135,135,"84,38%",35,35,"87,50%"
0.4000,0.001000,3500,18,118,118,"73,75%",29,29,"72,50%"
0.4000,0.010000,3500,5,89,89,"55,63%",21,21,"52,50%"
0.4000,0.100000,3500,2,53,53,"33,13%",10,10,"25,00%"
0.4000,0.000100,3600,94,136,136,"85,00%",36,36,"90,00%"
0.4000,0.001000,3600,16,116,116,"72,50%",26,26,"65,00%"
0.4000,0.010000,3600,5,92,92,"57,50%",18,18,"45,00%"
0.4000,0.100000,3600,3,64,64,"40,00%",20,20,"50,00%"
0.4000,0.000100,3700,88,138,138,"86,25%",33,33,"82,50%"
0.4000,0.001000,3700,18,119,119,"74,38%",27,27,"67,50%"
0.4000,0.010000,3700,5,86,86,"53,75%",26,26,"65,00%"
0.4000,0.100000,3700,2,56,56,"35,00%",13,13,"32,50%"
0.4000,0.000100,3800,99,133,133,"83,13%",37,37,"92,50%"
0.4000,0.001000,3800,18,117,117,"73,13%",29,29,"72,50%"
0.4000,0.010000,3800,5,89,89,"55,63%",23,23,"57,50%"
0.4000,0.100000,3800,2,47,47,"29,38%",14,14,"35,00%"
0.4000,0.000100,3900,98,138,138,"86,25%",35,35,"87,50%"
0.4000,0.001000,3900,18,114,114,"71,25%",33,33,"82,50%"
0.4000,0.010000,3900,5,86,86,"53,75%",26,26,"65,00%"
0.4000,0.100000,3900,2,49,49,"30,63%",16,16,"40,00%"
0.4000,0.000100,4000,87,140,140,"87,50%",30,30,"75,00%"
0.4000,0.001000,4000,17,119,119,"74,38%",28,28,"70,00%"
0.4000,0.010000,4000,5,86,86,"53,75%",22,22,"55,00%"
0.4000,0.100000,4000,2,61,61,"38,13%",11,11,"27,50%"
